"Chromosome","Start","Stop","Name","Score","Strand","Code","Seq","len","GC","exon_name","probe_num","concatenation","drift","length"
"BTK-201_exon_num10_POSmiddle_L54_PN1_up2",180,300,"Target=2;ProbeIdx=19;BTK-201_exon_num10_POSmiddle_L54_PN1_up2",2,"+","good","AAAAATGGGCAGGAAGGCTACATTCCTAGTAACTATGTCACTGAAGCAGAAGACTCCATAGAAATGTATGAGTGGTATTCCAAACACATGACTCGGAGTCAGGCTGAGCAACTGCTAAAG",120,43.33,"BTK-201_exon_num10",1,"up",1.93816753926701,54
"BTK-201_exon_num11_POSmiddle_L79_PN1_up1",0,120,"Target=4;ProbeIdx=1;BTK-201_exon_num11_POSmiddle_L79_PN1_up1",2,"+","good","GTGGTATTCCAAACACATGACTCGGAGTCAGGCTGAGCAACTGCTAAAGCAAGAGGGGAAAGAAGGAGGTTTCATTGTCAGAGACTCCAGCAAAGCTGGCAAATATACAGTGTCTGTGTT",120,46.67,"BTK-201_exon_num11",1,"up",5.27816753926702,79
"BTK-201_exon_num13_POSmiddle_L74_PN1_up1",80,200,"Target=7;ProbeIdx=9;BTK-201_exon_num13_POSmiddle_L74_PN1_up1",2,"+","good","TCAGCACCATCCCTGAGCTCATTAACTACCATCAGCACAACTCTGCAGGACTCATATCCAGGCTCAAATATCCAGTGTCTCAACAAAACAAGAATGCACCTTCCACTGCAGGCCTGGGAT",120,48.33,"BTK-201_exon_num13",1,"up",6.93816753926701,74
"BTK-201_exon_num16_POSmiddle_L64_PN1_up1",160,280,"Target=11;ProbeIdx=17;BTK-201_exon_num16_POSmiddle_L64_PN1_up1",2,"+","good","GATGTCTGTGAAGCCATGGAATACCTGGAGTCAAAGCAGTTCCTTCACCGAGACCTGGCAGCTCGAAACTGTTTGGTAAACGATCAAGGAGTTGTTAAAGTATCTGATTTCGGCCTGTCC",120,47.5,"BTK-201_exon_num16",1,"up",6.10816753926701,64
"BTK-201_exon_num17_POSmiddle_L118_PN1_up1",60,180,"Target=13;ProbeIdx=7;BTK-201_exon_num17_POSmiddle_L118_PN1_up1",1,"+","good","TCCAGGTATGTCCTGGATGATGAATACACAAGCTCAGTAGGCTCCAAATTTCCAGTCCGGTGGTCCCCACCGGAAGTCCTGATGTATAGCAAGTTCAGCAGCAAATCTGACATTTGGGCT",120,49.17,"BTK-201_exon_num17",1,"up",7.77816753926702,118
"BTK-201_exon_num4_POSmiddle_L68_PN1_up1",40,160,"Target=21;ProbeIdx=5;BTK-201_exon_num4_POSmiddle_L68_PN1_up1",2,"+","good","TCACTTGTGTTGAAACAGTGGTTCCTGAAAAAAATCCTCCTCCAGAAAGACAGATTCCGAGAAGAGGTGAAGAGTCCAGTGAAATGGAGCAAATTTCAATCATTGAAAGGTTCCCTTATC",120,40.83,"BTK-201_exon_num4",1,"up",0.561832460732987,68
"BTK-201_exon_num7_POSmiddle_L67_PN1_up1",70,190,"Target=26;ProbeIdx=8;BTK-201_exon_num7_POSmiddle_L67_PN1_up1",2,"+","good","CTGCTCTCAGACAGCCAAAAATGCTATGGGCTGCCAAATTTTGGAGAACAGGAATGGAAGCTTAAAACCTGGGAGTTCTCACCGGAAGACAAAAAAGCCTCTTCCCCCAACGCCTGAGGA",120,49.17,"BTK-201_exon_num7",1,"up",7.77816753926702,67
"BTK-202_exon_num13_POSmiddle_L63_PN1_up1",20,140,"Target=37;ProbeIdx=3;BTK-202_exon_num13_POSmiddle_L63_PN1_up1",2,"+","good","TGTCAGAGACTCCAGCAAAGCTGGCAAATATACAGTGTCTGTGTTTGCTAAATCCACAGGGGACCCTCAAGGGGTGATACGTCATTATGTTGTGTGTTCCACACCTCAGAGCCAGTATTA",120,46.67,"BTK-202_exon_num13",1,"up",5.27816753926702,63
"BTK-206_exon_num2_POSmiddle_L74_PN1_up1",0,120,"Target=66;ProbeIdx=1;BTK-206_exon_num2_POSmiddle_L74_PN1_up1",2,"+","good","CTTTTCAGCACCATCCCTGAGCTCATTAACTACCATCAGCACAACTCTGCAGGACTCATATCCAGGCTCAAATATCCAGTGTCTCAACAAAACAAGAATGCACCTTCCACTGCAGGCCTG",120,47.5,"BTK-206_exon_num2",1,"up",6.10816753926701,74
"SF3B1-201_exon_num13_POSmiddle_L86_PN1_up1",120,240,"Target=106;ProbeIdx=13;SF3B1-201_exon_num13_POSmiddle_L86_PN1_up1",2,"+","good","AAAGTTATTGATAGGATACTGTACAAACTTGATGACTTAGTTCGTCCATATGTGCATAAGATCCTCGTGGTCATTGAACCGCTATTGATTGATGAAGATTACTATGCTAGAGTGGAAGGC",120,38.33,"SF3B1-201_exon_num13",1,"up",3.06183246073299,86
"BTK-201_exon_num3_POSmiddle_L98_PN1_up1",120,240,"Target=19;ProbeIdx=13;BTK-201_exon_num3_POSmiddle_L98_PN1_up1",1,"+","good","CTCTTGACCGTGCACAAACTCTCCTACTATGAGTATGACTTTGAACGTGGGAGAAGAGGCAGTAAGAAGGGTTCAATAGATGTTGAGAAGATCACTTGTGTTGAAACAGTGGTTCCTGAA",120,43.33,"BTK-201_exon_num3",1,"up",1.93816753926701,98
"BTK-201_exon_num5_POSmiddle_L81_PN1_up1",30,150,"Target=23;ProbeIdx=4;BTK-201_exon_num5_POSmiddle_L81_PN1_up1",1,"+","good","CAAATTTCAATCATTGAAAGGTTCCCTTATCCCTTCCAGGTTGTATATGATGAAGGGCCTCTCTACGTCTTCTCCCCAACTGAAGAACTAAGGAAGCGGTGGATTCACCAGCTCAAAAAC",120,44.17,"BTK-201_exon_num5",1,"up",2.77816753926702,81
"BTK-201_exon_num9_POSmiddle_L62_PN1_up1",130,250,"Target=29;ProbeIdx=14;BTK-201_exon_num9_POSmiddle_L62_PN1_up1",1,"+","good","AATATTTTATCTTGGAGGAAAGCAACTTACCATGGTGGAGAGCACGAGATAAAAATGGGCAGGAAGGCTACATTCCTAGTAACTATGTCACTGAAGCAGAAGACTCCATAGAAATGTATG",120,40,"BTK-201_exon_num9",1,"up",1.39183246073299,62
"BTK-202_exon_num14_POSmiddle_L64_PN1_up1",0,120,"Target=39;ProbeIdx=1;BTK-202_exon_num14_POSmiddle_L64_PN1_up1",1,"+","good","GGACCCTCAAGGGGTGATACGTCATTATGTTGTGTGTTCCACACCTCAGAGCCAGTATTACCTGGCAGCTCGAAACTGTTTGGTAAACGATCAAGGAGTTGTTAAAGTATCTGATTTCGG",120,45.83,"BTK-202_exon_num14",1,"up",4.43816753926701,64
"BTK-203_exon_num2_POSend_L49_PN1_up1",180,300,"Target=58;ProbeIdx=19;BTK-203_exon_num2_POSend_L49_PN1_up1",1,"+","good","ATGGGCAGTATCTCTGCTGCTCTCAGACAGCCAAAAATGCTATGGGCTGCCAAATTTTGGAGAACAGGAATGGAAGCTTAAAACCTGGGAGTTCTCACCGGAAGACAAAAAAGCCTCTTC",120,46.67,"BTK-203_exon_num2",1,"up",5.27816753926702,49
"BTK-208_exon_num2_POSend_L32_PN1_up1",240,360,"Target=71;ProbeIdx=25;BTK-208_exon_num2_POSend_L32_PN1_up1",1,"+","good","CTGGATGATGAATACACAAGCTCAGTAGGCTCCAAATTTCCAGTCCGGTGGTCCCCACCGGAAGTCCTGATGTATAGCAAGTTCAGCAGCAAATCTGACATTTGGGCTTTTGGGGTTTTG",120,48.33,"BTK-208_exon_num2",1,"up",6.93816753926701,32
"SF3B1-201_exon_num11_POSmiddle_L101_PN1_up1",180,300,"Target=103;ProbeIdx=19;SF3B1-201_exon_num11_POSmiddle_L101_PN1_up1",1,"+","good","TACTTTGATAAACTATTGGTTGATGTTGATGAATCAACACTTAGTCCAGAAGAGCAAAAAGAGAGAAAAATAATGAAGTTGCTTTTAAAAATTAAGAATGGAACACCACCAATGAGAAAG",120,30.83,"SF3B1-201_exon_num11",1,"up",10.561832460733,101
"SF3B1-201_exon_num20_POSmiddle_L111_PN1_up1",170,290,"Target=115;ProbeIdx=18;SF3B1-201_exon_num20_POSmiddle_L111_PN1_up1",1,"+","good","GACTTGTCAAGAGGAAAAATTGATGGGACACTTGGGTGTTGTATTGTATGAGTATTTGGGTGAAGAGTACCCTGAAGTATTGGGCAGCATTCTTGGAGCACTGAAGGCCATTGTAAATGT",120,42.5,"SF3B1-201_exon_num20",1,"up",1.10816753926701,111
"SF3B1-201_exon_num3_POSmiddle_L104_PN1_up1",150,270,"Target=123;ProbeIdx=16;SF3B1-201_exon_num3_POSmiddle_L104_PN1_up1",1,"+","good","CAACTGAACTTGAAGATGATGACGATGACTATTCATCATCTACGAGTTTGCTTGGTCAGAAGAAGCCAGGATATCATGCCCCTGTGGCATTGCTTAATGATATACCACAGTCAACAGAAC",120,42.5,"SF3B1-201_exon_num3",1,"up",1.10816753926701,104
"SF3B1-201_exon_num4_POSmiddle_L114_PN1_up1",100,220,"Target=125;ProbeIdx=11;SF3B1-201_exon_num4_POSmiddle_L114_PN1_up1",1,"+","good","AACAGTATGATCCATTTGCTGAGCACAGACCTCCAAAGATTGCAGACCGGGAAGATGAATACAAAAAGCATAGGCGGACCATGATAATTTCCCCAGAGCGTCTTGATCCTTTTGCAGATG",120,45,"SF3B1-201_exon_num4",1,"up",3.60816753926701,114
"SF3B1-201_exon_num5_POSmiddle_L79_PN1_up1",60,180,"Target=127;ProbeIdx=7;SF3B1-201_exon_num5_POSmiddle_L79_PN1_up1",1,"+","good","AAGCATAGGCGGACCATGATAATTTCCCCAGAGCGTCTTGATCCTTTTGCAGATGGAGGGAAAACCCCTGATCCTAAAATGAATGCTAGGACTTACATGGATGTAATGCGAGAACAACAC",120,45,"SF3B1-201_exon_num5",1,"up",3.60816753926701,79
"SF3B1-202_exon_num5_POSmiddle_L55_PN1_up1",30,150,"Target=139;ProbeIdx=4;SF3B1-202_exon_num5_POSmiddle_L55_PN1_up1",1,"+","good","AAGATTGCAGACCGGGAAGATGAATACAAAAAGCATAGGCGGACCATGATAATTTCCCCAGAGCGTCTTGATCCTTTTGCAGATGGCTTCTATTCTGCTGCTTGAAGTCAGAACTGCTGA",120,45,"SF3B1-202_exon_num5",1,"up",3.60816753926701,55
"SF3B1-202_exon_num6_POSmiddle_L79_PN1_up1",0,120,"Target=140;ProbeIdx=1;SF3B1-202_exon_num6_POSmiddle_L79_PN1_up1",1,"+","good","GCTTCTATTCTGCTGCTTGAAGTCAGAACTGCTGATGGAGACAAAGGCACGAAAGTGAGGGAAAACCCCTGATCCTAAAATGAATGCTAGGACTTACATGGATGTAATGCGAGAACAACA",120,44.17,"SF3B1-202_exon_num6",1,"up",2.77816753926702,79
"SF3B1-202_exon_num7_POSend_L20_PN1_up2",30,150,"Target=141;ProbeIdx=4;SF3B1-202_exon_num7_POSend_L20_PN1_up2",1,"+","good","GCTGATGGAGACAAAGGCACGAAAGTGAGGGAAAACCCCTGATCCTAAAATGAATGCTAGGACTTACATGGATGTAATGCGAGAACAACACTTGACTAAAGAAGAACGAGAAATTAGGCA",120,42.5,"SF3B1-202_exon_num7",1,"up",1.10816753926701,20
"SF3B1-203_exon_num2_POSmiddle_L80_PN1_up1",0,120,"Target=144;ProbeIdx=1;SF3B1-203_exon_num2_POSmiddle_L80_PN1_up1",1,"+","good","GTGTTCGAGTGGACAAAATGGCGAAGATCGCCAAGACTCACGAAGATATTGAAGCACAGATTCGAGAAATTCAAGGCAAGAAGGCAGCTCTTGATGAAGCTCAAGGAGTGGGCCTCGATT",120,47.5,"SF3B1-203_exon_num2",1,"up",6.10816753926701,80
"SF3B1-203_exon_num3_POSmiddle_L104_PN1_up1",60,180,"Target=146;ProbeIdx=7;SF3B1-203_exon_num3_POSmiddle_L104_PN1_up1",1,"+","good","GAGTGGGCCTCGATTCTACAGGATGACGATGACTATTCATCATCTACGAGTTTGCTTGGTCAGAAGAAGCCAGGATATCATGCCCCTGTGGCATTGCTTAATGATATACCACAGTCAACA",120,45.83,"SF3B1-203_exon_num3",1,"up",4.43816753926701,104
"SF3B1-206_exon_num2_POSend_L108_PN1_up1",0,120,"Target=161;ProbeIdx=1;SF3B1-206_exon_num2_POSend_L108_PN1_up1",1,"+","good","CTGCTCAGCCTCCTTAGTAGTTGGGACTAGAGGTCTTGTGGATGAGCAGCAGAAAGTTCGGACCATCAGTGCTTTGGCCATTGCTGCCTTGGCTGAAGCAGCAACTCCTTATGGTATCGA",120,51.67,"SF3B1-206_exon_num2",1,"up",10.278167539267,108
"SF3B1-213_exon_num5_POSmiddle_L79_PN1_up1",1600,1720,"Target=228;ProbeIdx=161;SF3B1-213_exon_num5_POSmiddle_L79_PN1_up1",1,"+","good","CTGCTGCTTGAAGTCAGAACTGCTGATGGAGACAAAGGCACGAAAGTGAGGGAAAACCCCTGATCCTAAAATGAATGCTAGGACTTACATGGATGTAATGCGAGAACAACACTTGACTAA",120,44.17,"SF3B1-213_exon_num5",1,"up",2.77816753926702,79
"SF3B1-214_exon_num6_POSmiddle_L79_PN1_up1",680,800,"Target=261;ProbeIdx=69;SF3B1-214_exon_num6_POSmiddle_L79_PN1_up1",1,"+","good","ATTTTCTAGGCTTCTATTCTGCTGCTTGAAGTCAGAACTGCTGATGGAGACAAAGGCACGAAAGTGAGGGAAAACCCCTGATCCTAAAATGAATGCTAGGACTTACATGGATGTAATGCG",120,43.33,"SF3B1-214_exon_num6",1,"up",1.93816753926701,79
"BTK-205_exon_num1_POSstart_L114_PN1_down1",0,120,"Target=62;ProbeIdx=1;BTK-205_exon_num1_POSstart_L114_PN1_down1",1,"+","good","GTCCTGGATGATGAATACACAAGCTCAGTAGGCTCCAAATTTCCAGTCCGGTGGTCCCCACCGGAAGTCCTGATGTATAGCAAGTTCAGCAGCAAATCTGACATTTGGGCTTTTGGGGTT",120,49.17,"BTK-205_exon_num1",1,"down",7.77816753926702,114
"BTK-201_exon_num13_POSmiddle_L74_PN1_down1",0,120,"Target=6;ProbeIdx=1;BTK-201_exon_num13_POSmiddle_L74_PN1_down1",1,"+","good","GACTCATATCCAGGCTCAAATATCCAGTGTCTCAACAAAACAAGAATGCACCTTCCACTGCAGGCCTGGGATACGGATCATGGGAAATTGATCCAAAGGACCTGACCTTCTTGAAGGAGC",120,47.5,"BTK-201_exon_num13",1,"down",6.10816753926701,74
"BTK-201_exon_num16_POSmiddle_L64_PN1_down1",0,120,"Target=10;ProbeIdx=1;BTK-201_exon_num16_POSmiddle_L64_PN1_down1",2,"+","good","GCAGCTCGAAACTGTTTGGTAAACGATCAAGGAGTTGTTAAAGTATCTGATTTCGGCCTGTCCAGGTATGTCCTGGATGATGAATACACAAGCTCAGTAGGCTCCAAATTTCCAGTCCGG",120,45.83,"BTK-201_exon_num16",1,"down",4.43816753926701,64
"BTK-201_exon_num3_POSmiddle_L98_PN1_down1",0,120,"Target=18;ProbeIdx=1;BTK-201_exon_num3_POSmiddle_L98_PN1_down1",1,"+","good","AGAAGAGGCAGTAAGAAGGGTTCAATAGATGTTGAGAAGATCACTTGTGTTGAAACAGTGGTTCCTGAAAAAAATCCTCCTCCAGAAAGACAGATTCCGAGAAGAGGTGAAGAGTCCAGT",120,42.5,"BTK-201_exon_num3",1,"down",1.10816753926701,98
"BTK-201_exon_num7_POSmiddle_L67_PN1_down1",10,130,"Target=25;ProbeIdx=2;BTK-201_exon_num7_POSmiddle_L67_PN1_down1",2,"+","good","TGGGAGTTCTCACCGGAAGACAAAAAAGCCTCTTCCCCCAACGCCTGAGGAGGACCAGATCTTGAAAAAGCCACTACCGCCTGAGCCAGCAGCAGCACCAGTCTCCACAAGTGAGCTGAA",120,55,"BTK-201_exon_num7",1,"down",13.608167539267,67
"BTK-206_exon_num2_POSmiddle_L74_PN1_down1",10,130,"Target=65;ProbeIdx=2;BTK-206_exon_num2_POSmiddle_L74_PN1_down1",2,"+","good","CAGGCTCAAATATCCAGTGTCTCAACAAAACAAGAATGCACCTTCCACTGCAGGCCTGGGATACGGATCATGGGAAATTGATCCAAAGGACCTGACCTTCTTGAAGGAGCTGGGGACTGG",120,50,"BTK-206_exon_num2",1,"down",8.60816753926701,74
"SF3B1-201_exon_num11_POSmiddle_L101_PN1_down1",0,120,"Target=102;ProbeIdx=1;SF3B1-201_exon_num11_POSmiddle_L101_PN1_down1",1,"+","good","GTTGATGTTGATGAATCAACACTTAGTCCAGAAGAGCAAAAAGAGAGAAAAATAATGAAGTTGCTTTTAAAAATTAAGAATGGAACACCACCAATGAGAAAGGCTGCATTGCGTCAGATT",120,35,"SF3B1-201_exon_num11",1,"down",6.39183246073299,101
"SF3B1-201_exon_num20_POSmiddle_L111_PN1_down1",0,120,"Target=114;ProbeIdx=1;SF3B1-201_exon_num20_POSmiddle_L111_PN1_down1",1,"+","good","GAAAAATTGATGGGACACTTGGGTGTTGTATTGTATGAGTATTTGGGTGAAGAGTACCCTGAAGTATTGGGCAGCATTCTTGGAGCACTGAAGGCCATTGTAAATGTCATAGGTATGCAT",120,41.67,"SF3B1-201_exon_num20",1,"down",0.278167539267017,111
"SF3B1-205_exon_num1_POSstart_L59_PN1_down1",0,120,"Target=155;ProbeIdx=1;SF3B1-205_exon_num1_POSstart_L59_PN1_down1",2,"+","good","CATCCAAGTATGCCCTGCATTGCAGGGAGACTGGAGATCTGTTTGTTTTGCAGTTAAAGGGTATGCATAAGATGACTCCACCAATTAAAGATCTGCTGCCTAGACTCACCCCCATCTTAA",120,45,"SF3B1-205_exon_num1",1,"down",3.60816753926701,59
"BTK-201_exon_num11_POSmiddle_L79_PN1_down1",0,120,"Target=3;ProbeIdx=1;BTK-201_exon_num11_POSmiddle_L79_PN1_down1",1,"+","good","GGGAAAGAAGGAGGTTTCATTGTCAGAGACTCCAGCAAAGCTGGCAAATATACAGTGTCTGTGTTTGCTAAATCCACAGGGGACCCTCAAGGGGTGATACGTCATTATGTTGTGTGTTCC",120,46.67,"BTK-201_exon_num11",1,"down",5.27816753926702,79
"BTK-201_exon_num17_POSmiddle_L118_PN1_down1",20,140,"Target=12;ProbeIdx=3;BTK-201_exon_num17_POSmiddle_L118_PN1_down1",1,"+","good","ACACAAGCTCAGTAGGCTCCAAATTTCCAGTCCGGTGGTCCCCACCGGAAGTCCTGATGTATAGCAAGTTCAGCAGCAAATCTGACATTTGGGCTTTTGGGGTTTTGATGTGGGAAATTT",120,47.5,"BTK-201_exon_num17",1,"down",6.10816753926701,118
"BTK-201_exon_num4_POSmiddle_L68_PN1_down1",0,120,"Target=20;ProbeIdx=1;BTK-201_exon_num4_POSmiddle_L68_PN1_down1",1,"+","good","AGAAGAGGTGAAGAGTCCAGTGAAATGGAGCAAATTTCAATCATTGAAAGGTTCCCTTATCCCTTCCAGGTTGTATATGATGAAGGGCCTCTCTACGTCTTCTCCCCAACTGAAGAACTA",120,43.33,"BTK-201_exon_num4",1,"down",1.93816753926701,68
"BTK-201_exon_num5_POSmiddle_L81_PN1_down1",0,120,"Target=22;ProbeIdx=1;BTK-201_exon_num5_POSmiddle_L81_PN1_down1",1,"+","good","GTTGTATATGATGAAGGGCCTCTCTACGTCTTCTCCCCAACTGAAGAACTAAGGAAGCGGTGGATTCACCAGCTCAAAAACGTAATCCGGTACAACAGTGATCTGGTTCAGAAATATCAC",120,45,"BTK-201_exon_num5",1,"down",3.60816753926701,81
"BTK-201_exon_num9_POSmiddle_L62_PN1_down2",10,130,"Target=28;ProbeIdx=2;BTK-201_exon_num9_POSmiddle_L62_PN1_down2",1,"+","good","TACATTCCTAGTAACTATGTCACTGAAGCAGAAGACTCCATAGAAATGTATGAGTGGTATTCCAAACACATGACTCGGAGTCAGGCTGAGCAACTGCTAAAGCAAGAGGGGAAAGAAGGA",120,43.33,"BTK-201_exon_num9",1,"down",1.93816753926701,62
"BTK-204_exon_num1_POSstart_L86_PN1_down1",0,120,"Target=59;ProbeIdx=1;BTK-204_exon_num1_POSstart_L86_PN1_down1",1,"+","good","CCAGTGTCTGCTGCGATCGAGTCCCACCTTCCAAGTCCTGGCATCTCAATGCATCTGGGAAGCTACCTGCATTAAGTCAGGACTGAGCACACAGGTGAACTCCAGAAAGAAGAAGCTATG",120,51.67,"BTK-204_exon_num1",1,"down",10.278167539267,86
"BTK-207_exon_num1_POSstart_L20_PN1_down1",30,150,"Target=68;ProbeIdx=4;BTK-207_exon_num1_POSstart_L20_PN1_down1",1,"+","good","CCATGAGAAGCTGGTGCAGTTGTATGGCGTCTGCACCAAGCAGCGCCCCATCTTCATCATCACTGAGTACATGGCCAATGGCTGCCTCCTGAACTACCTGAGGGAGATGCGCCACCGCTT",120,56.67,"BTK-207_exon_num1",1,"down",15.278167539267,20
"SF3B1-201_exon_num1_POSstart_L56_PN1_down1",30,150,"Target=113;ProbeIdx=4;SF3B1-201_exon_num1_POSstart_L56_PN1_down1",1,"+","good","TGGCGAAGATCGCCAAGACTCACGAAGATATTGAAGCACAGATTCGAGAAATTCAAGGCAAGAAGGCAGCTCTTGATGAAGCTCAAGGAGTGGGCCTCGATTCTACAGGTTATTATGACC",120,46.67,"SF3B1-201_exon_num1",1,"down",5.27816753926702,56
"SF3B1-201_exon_num13_POSmiddle_L86_PN1_down1",0,120,"Target=105;ProbeIdx=1;SF3B1-201_exon_num13_POSmiddle_L86_PN1_down1",1,"+","good","ATCCTCGTGGTCATTGAACCGCTATTGATTGATGAAGATTACTATGCTAGAGTGGAAGGCCGAGAGATCATTTCTAATTTGGCAAAGGCTGCTGGTCTGGCTACTATGATCTCTACCATG",120,44.17,"SF3B1-201_exon_num13",1,"down",2.77816753926702,86
"SF3B1-201_exon_num3_POSmiddle_L104_PN1_down1",0,120,"Target=122;ProbeIdx=1;SF3B1-201_exon_num3_POSmiddle_L104_PN1_down1",1,"+","good","GATGACGATGACTATTCATCATCTACGAGTTTGCTTGGTCAGAAGAAGCCAGGATATCATGCCCCTGTGGCATTGCTTAATGATATACCACAGTCAACAGAACAGTATGATCCATTTGCT",120,42.5,"SF3B1-201_exon_num3",1,"down",1.10816753926701,104
"SF3B1-201_exon_num4_POSmiddle_L114_PN1_down1",0,120,"Target=124;ProbeIdx=1;SF3B1-201_exon_num4_POSmiddle_L114_PN1_down1",1,"+","good","TATGATCCATTTGCTGAGCACAGACCTCCAAAGATTGCAGACCGGGAAGATGAATACAAAAAGCATAGGCGGACCATGATAATTTCCCCAGAGCGTCTTGATCCTTTTGCAGATGGAGGG",120,46.67,"SF3B1-201_exon_num4",1,"down",5.27816753926702,114
"SF3B1-201_exon_num5_POSmiddle_L79_PN1_down1",0,120,"Target=126;ProbeIdx=1;SF3B1-201_exon_num5_POSmiddle_L79_PN1_down1",1,"+","good","GAGGGAAAACCCCTGATCCTAAAATGAATGCTAGGACTTACATGGATGTAATGCGAGAACAACACTTGACTAAAGAAGAACGAGAAATTAGGCAACAGCTAGCAGAAAAAGCTAAAGCTG",120,40.83,"SF3B1-201_exon_num5",1,"down",0.561832460732987,79
"SF3B1-202_exon_num1_POSstart_L55_PN1_down1",30,150,"Target=132;ProbeIdx=4;SF3B1-202_exon_num1_POSstart_L55_PN1_down1",1,"+","good","GGCGAAGATCGCCAAGACTCACGAAGATATTGAAGCACAGATTCGAGAAATTCAAGGCAAGAAGGCAGCTCTTGATGAAGCTCAAGGAGTGGGCCTCGATTCTACAGGTTATTATGACCA",120,46.67,"SF3B1-202_exon_num1",1,"down",5.27816753926702,55
"SF3B1-203_exon_num2_POSmiddle_L80_PN1_down1",0,120,"Target=143;ProbeIdx=1;SF3B1-203_exon_num2_POSmiddle_L80_PN1_down1",1,"+","good","ATATTGAAGCACAGATTCGAGAAATTCAAGGCAAGAAGGCAGCTCTTGATGAAGCTCAAGGAGTGGGCCTCGATTCTACAGGATGACGATGACTATTCATCATCTACGAGTTTGCTTGGT",120,44.17,"SF3B1-203_exon_num2",1,"down",2.77816753926702,80
"SF3B1-204_exon_num1_POSstart_L107_PN1_down1",10,130,"Target=148;ProbeIdx=2;SF3B1-204_exon_num1_POSstart_L107_PN1_down1",1,"+","good","CTCCGTGGCGGCGGCGACGAGCGGAAGTTCTTGGGAGCGCCAGTTCCGTCTGTGTGTTCGAGTGGACAAAATGGCGAAGATCGCCAAGACTCACGAAGATATTGAAGCACAGATTCGAGA",120,55.83,"SF3B1-204_exon_num1",1,"down",14.438167539267,107
"SF3B1-204_exon_num4_POSmiddle_L114_PN1_down1",0,120,"Target=152;ProbeIdx=1;SF3B1-204_exon_num4_POSmiddle_L114_PN1_down1",1,"+","good","TATGATCCATTTGCTGAGCACAGACCTCCAAAGATTGCAGACCGGGAAGATGAATACAAAAAGCATAGGCGGACCATGATAATTTCCCCAGAGCGTCTTGATCCTTTTGCAGATGGCTTC",120,45.83,"SF3B1-204_exon_num4",1,"down",4.43816753926701,114
"SF3B1-208_exon_num1_POSstart_L72_PN1_down1",0,120,"Target=177;ProbeIdx=1;SF3B1-208_exon_num1_POSstart_L72_PN1_down1",1,"+","good","AGTTCTTGGGAGCGCCAGTTCCGTCTGTGTGTTCGAGTGGACAAAATGGCGAAGATCGCCAAGACTCACGAAGATATTGAAGCACAGATTCGAGAAATTCAAGGCAAGAAGGCAGCTCTT",120,48.33,"SF3B1-208_exon_num1",1,"down",6.93816753926701,72
"SF3B1-208_exon_num3_POSmiddle_L104_PN1_down1",10,130,"Target=184;ProbeIdx=2;SF3B1-208_exon_num3_POSmiddle_L104_PN1_down1",1,"+","good","ACTATTCATCATCTACGAGTTTGCTTGGTCAGAAGAAGCCAGGATATCATGCCCCTGTGGCATTGCTTAATGATATACCACAGTCAACAGAACAGTATGATCCATTTGCTGAGCACAGAC",120,43.33,"SF3B1-208_exon_num3",1,"down",1.93816753926701,104
"SF3B1-213_exon_num1_POSstart_L75_PN1_down1",0,120,"Target=215;ProbeIdx=1;SF3B1-213_exon_num1_POSstart_L75_PN1_down1",1,"+","good","GGAAGTTCTTGGGAGCGCCAGTTCCGTCTGTGTGTTCGAGTGGACAAAATGGCGAAGATCGCCAAGACTCACGAAGATATTGAAGCACAGATTCGAGAAATTCAAGGCAAGAAGGCAGCT",120,49.17,"SF3B1-213_exon_num1",1,"down",7.77816753926702,75
"SF3B1-214_exon_num1_POSstart_L57_PN1_down1",30,150,"Target=245;ProbeIdx=4;SF3B1-214_exon_num1_POSstart_L57_PN1_down1",1,"+","good","ATGGCGAAGATCGCCAAGACTCACGAAGATATTGAAGCACAGATTCGAGAAATTCAAGGCAAGAAGGCAGCTCTTGATGAAGCTCAAGGAGTGGGCCTCGATTCTACAGGTTATTATGAC",120,45.83,"SF3B1-214_exon_num1",1,"down",4.43816753926701,57
"SF3B1-214_exon_num4_POSmiddle_L114_PN1_down1",0,120,"Target=257;ProbeIdx=1;SF3B1-214_exon_num4_POSmiddle_L114_PN1_down1",1,"+","good","TATGATCCATTTGCTGAGCACAGACCTCCAAAGATTGCAGACCGGGAAGATGAATACAAAAAGCATAGGCGGACCATGATAATTTCCCCAGAGCGTCTTGATCCTTTTGCAGATGTACTG",120,45,"SF3B1-214_exon_num4",1,"down",3.60816753926701,114
"SF3B1-213_exon_num25_POSend_L3946_PN4_origin",630,750,"Target=222;ProbeIdx=64;SF3B1-213_exon_num25_POSend_L3946_PN4_origin",1,"+","good","TGGCATCTTTGTCAAAATTCCATTGTTGTGTTAATAATGACAGCAAGAAGAGTAGCCTCAGGGGATGTTCCCCTCAAACTAGCACAACCATTCCATCATCGTAGAAAAGTAGCACTTTTG",120,40.83,"SF3B1-213_exon_num25",4,"origin",0.561832460732987,3946
"SF3B1-213_exon_num25_POSend_L3946_PN4_origin",1470,1590,"Target=222;ProbeIdx=148;SF3B1-213_exon_num25_POSend_L3946_PN4_origin",3,"+","good","AGCATTAGTATATAACTACTACTGTAAGTAAAACTGCCTATTGACACTTTAGGAGTTCCTGCTTCAGAAGCTTAGTTAAGAAACAGCTTGTGGCCGGGTGTGGTGGCTCATGCCTGTAAT",120,41.67,"SF3B1-213_exon_num25",4,"origin",0.278167539267017,3946
"SF3B1-213_exon_num25_POSend_L3946_PN4_origin",2790,2910,"Target=222;ProbeIdx=280;SF3B1-213_exon_num25_POSend_L3946_PN4_origin",1,"+","good","AAGGGAACTTAGTGTTGAAAAACCAGAGAACTTTTTCTTTAATAAGAAACTAAAAAAGTTGCAGCCACATAGGTTCAGTTTGGCTCTTTGGTTTCCAGTGGCTCTCAAATCCCCTAAGGT",120,38.33,"SF3B1-213_exon_num25",4,"origin",3.06183246073299,3946
"SF3B1-213_exon_num25_POSend_L3946_PN4_origin",3750,3870,"Target=222;ProbeIdx=376;SF3B1-213_exon_num25_POSend_L3946_PN4_origin",1,"+","good","GACATGCTTGGGCCTTGGACAGTTACTTTTTTATAGCCTGGCTGATTAATGAAGTTCTGGAAGGAAATTTTAACATGTTAGCTGAGAGGCTGGCGAGGGGATTTAATCTAAATAGGTTTG",120,40.83,"SF3B1-213_exon_num25",4,"origin",0.561832460732987,3946
"BTK-205_exon_num2_POSend_L308_PN1_origin",140,260,"Target=63;ProbeIdx=15;BTK-205_exon_num2_POSend_L308_PN1_origin",1,"+","good","TACAGTTGCTGGCATGAGGTAAGTGCTTTATTAGGATCTCTTAAATTATTTCCTTGAATCTACTTGCCCATTTAGCTGGCCATTCAGCCACCAAAGACTGATAGCTGCACACATTCTTTT",120,40,"BTK-205_exon_num2",1,"origin",1.39183246073299,308
"SF3B1-201_exon_num25_POSend_L2677_PN3_origin",860,980,"Target=120;ProbeIdx=87;SF3B1-201_exon_num25_POSend_L2677_PN3_origin",1,"+","good","GACAGGTCTGCTGTGTTTAGCAAGTGAGGAATTTAACTTTACTTCAAAACTGCTTTCTGCCTATTAGGAGTGAGGATACCTAAGTAATGCTGATAGAACAGGACAATGTTGGGCTTTTCT",120,40,"SF3B1-201_exon_num25",3,"origin",1.39183246073299,2677
"SF3B1-201_exon_num25_POSend_L2677_PN3_origin",1460,1580,"Target=120;ProbeIdx=147;SF3B1-201_exon_num25_POSend_L2677_PN3_origin",1,"+","good","TTCTGCAAGCAGCATTAGTATATAACTACTACTGTAAGTAAAACTGCCTATTGACACTTTAGGAGTTCCTGCTTCAGAAGCTTAGTTAAGAAACAGCTTGTGGCCGGGTGTGGTGGCTCA",120,42.5,"SF3B1-201_exon_num25",3,"origin",1.10816753926701,2677
"SF3B1-201_exon_num25_POSend_L2677_PN3_origin",2180,2300,"Target=120;ProbeIdx=219;SF3B1-201_exon_num25_POSend_L2677_PN3_origin",1,"+","good","GGCCTCTGGTTCTTTATGGAAAATAGGCTTTGTAGTGGCATTGTGGAGCAAAGGAGACTGTTACACCTTAATTAACTTTTTTTACTGATGCAAATAATTTGAGGATAGAGAGGAGGGAAG",120,39.17,"SF3B1-201_exon_num25",3,"origin",2.22183246073298,2677
"BTK-201_exon_num1_POSstart_L129_PN1_origin",10,130,"Target=16;ProbeIdx=2;BTK-201_exon_num1_POSstart_L129_PN1_origin",1,"+","good","TCCTCTCTGGACTGTAAGAATATGTCTCCAGGGCCAGTGTCTGCTGCGATCGAGTCCCACCTTCCAAGTCCTGGCATCTCAATGCATCTGGGAAGCTACCTGCATTAAGTCAGGACTGAG",120,52.5,"BTK-201_exon_num1",1,"origin",11.108167539267,129
"BTK-201_exon_num12_POSmiddle_L127_PN1_origin",0,120,"Target=5;ProbeIdx=1;BTK-201_exon_num12_POSmiddle_L127_PN1_origin",1,"+","good","GGACCCTCAAGGGGTGATACGTCATTATGTTGTGTGTTCCACACCTCAGAGCCAGTATTACCTGGCTGAGAAGCACCTTTTCAGCACCATCCCTGAGCTCATTAACTACCATCAGCACAA",120,49.17,"BTK-201_exon_num12",1,"origin",7.77816753926702,127
"BTK-201_exon_num14_POSmiddle_L171_PN1_origin",50,170,"Target=8;ProbeIdx=6;BTK-201_exon_num14_POSmiddle_L171_PN1_origin",1,"+","good","ACTGGACAATTTGGGGTAGTGAAGTATGGGAAATGGAGAGGCCAGTACGACGTGGCCATCAAGATGATCAAAGAAGGCTCCATGTCTGAAGATGAATTCATTGAAGAAGCCAAAGTCATG",120,45,"BTK-201_exon_num14",1,"origin",3.60816753926701,171
"BTK-201_exon_num15_POSmiddle_L216_PN1_origin",0,120,"Target=9;ProbeIdx=1;BTK-201_exon_num15_POSmiddle_L216_PN1_origin",1,"+","good","GAATCTTTCCCATGAGAAGCTGGTGCAGTTGTATGGCGTCTGCACCAAGCAGCGCCCCATCTTCATCATCACTGAGTACATGGCCAATGGCTGCCTCCTGAACTACCTGAGGGAGATGCG",120,54.17,"BTK-201_exon_num15",1,"origin",12.778167539267,216
"BTK-201_exon_num18_POSmiddle_L157_PN1_origin",20,140,"Target=14;ProbeIdx=3;BTK-201_exon_num18_POSmiddle_L157_PN1_origin",1,"+","good","TACTCCCTGGGGAAGATGCCATATGAGAGATTTACTAACAGTGAGACTGCTGAACACATTGCCCAAGGCCTACGTCTCTACAGGCCTCATCTGGCTTCAGAGAAGGTATATACCATCATG",120,47.5,"BTK-201_exon_num18",1,"origin",6.10816753926701,157
"BTK-201_exon_num19_POSend_L506_PN1_origin",20,140,"Target=15;ProbeIdx=3;BTK-201_exon_num19_POSend_L506_PN1_origin",1,"+","good","TTTCAAAATTCTTCTGAGCAATATTCTAGATGTCATGGATGAAGAATCCTGAGCTCGCCAATAAGCTTCTTGGTTCTACTTCTCTTCTCCACAAGCCCCAATTTCACTTTCTCAGAGGAA",120,40,"BTK-201_exon_num19",1,"origin",1.39183246073299,506
"BTK-201_exon_num2_POSmiddle_L170_PN1_origin",40,160,"Target=17;ProbeIdx=5;BTK-201_exon_num2_POSmiddle_L170_PN1_origin",1,"+","good","TGATTCTGGAGAGCATCTTTCTGAAGCGATCCCAACAGAAAAAGAAAACATCACCTCTAAACTTCAAGAAGCGCCTGTTTCTCTTGACCGTGCACAAACTCTCCTACTATGAGTATGACT",120,42.5,"BTK-201_exon_num2",1,"origin",1.10816753926701,170
"BTK-201_exon_num6_POSmiddle_L128_PN1_origin",0,120,"Target=24;ProbeIdx=1;BTK-201_exon_num6_POSmiddle_L128_PN1_origin",1,"+","good","TAATCCGGTACAACAGTGATCTGGTTCAGAAATATCACCCTTGCTTCTGGATCGATGGGCAGTATCTCTGCTGCTCTCAGACAGCCAAAAATGCTATGGGCTGCCAAATTTTGGAGAACA",120,45.83,"BTK-201_exon_num6",1,"origin",4.43816753926701,128
"BTK-201_exon_num8_POSmiddle_L187_PN1_origin",60,180,"Target=27;ProbeIdx=7;BTK-201_exon_num8_POSmiddle_L187_PN1_origin",1,"+","good","AAAAAGGTTGTGGCCCTTTATGATTACATGCCAATGAATGCAAATGATCTACAGCTGCGGAAGGGTGATGAATATTTTATCTTGGAGGAAAGCAACTTACCATGGTGGAGAGCACGAGAT",120,41.67,"BTK-201_exon_num8",1,"origin",0.278167539267017,187
"BTK-202_exon_num1_POSstart_L162_PN1_origin",20,140,"Target=44;ProbeIdx=3;BTK-202_exon_num1_POSstart_L162_PN1_origin",1,"+","good","GTGGGGTTTGCTCAGACTGTCCTTCCTCTCTGGACTGTAAGAATATGTCTCCAGGGCCAGTGTCTGCTGCGATCGAGTCCCACCTTCCAAGTCCTGGCATCTCAATGCATCTGGGAAGCT",120,54.17,"BTK-202_exon_num1",1,"origin",12.778167539267,162
"BTK-202_exon_num17_POSend_L509_PN1_origin",270,390,"Target=43;ProbeIdx=28;BTK-202_exon_num17_POSend_L509_PN1_origin",1,"+","good","TTGTGCCTGAAATTTCCCGAGAGAATTAAGACAGACTGAATTTGCGATGAAAATATTTTTTAGGAGGGAGGATGTAAATAGCCGCACAAAGGGGTCCAACAGCTCTTTGAGTAGGCATTT",120,40.83,"BTK-202_exon_num17",1,"origin",0.561832460732987,509
"BTK-202_exon_num2_POSmiddle_L164_PN1_origin",40,160,"Target=45;ProbeIdx=5;BTK-202_exon_num2_POSmiddle_L164_PN1_origin",1,"+","good","TGGATCCCTTTCCTTTCACATTATTGAGTGATGGACCAGTGGCACCTAAGGAAGAGCTACCACATTTTCAGGCTGTGTGAGTCTGGACTGGATCATAAGAAACAGGAGAAAAGCAGTCAA",120,45,"BTK-202_exon_num2",1,"origin",3.60816753926701,164
"BTK-203_exon_num1_POSstart_L254_PN1_origin",10,130,"Target=57;ProbeIdx=2;BTK-203_exon_num1_POSstart_L254_PN1_origin",1,"+","good","GTGGCCAAGGAGGGGGCAGTTGCTTGAAGTTCACCACTAAGCTCAAAGAGGAAAACATGCAAATGGTGGCTTCTCCTCCATGTCAGATGTGATCTCTCTCTTCTTTCCTGCTACAGTAAT",120,47.5,"BTK-203_exon_num1",1,"origin",6.10816753926701,254
"BTK-204_exon_num3_POSend_L328_PN1_origin",0,120,"Target=61;ProbeIdx=1;BTK-204_exon_num3_POSend_L328_PN1_origin",1,"+","good","AGAAGAGGCAGTAAGAAGGGTTCAATAGATGTTGAGAAGATCACTTGTGTTGAAACAGTGGTTCCTGAAAAAAATCCTCCTCCAGAAAGACAGATTCCGGTAAGAAGAGACCAATGTCTG",120,41.67,"BTK-204_exon_num3",1,"origin",0.278167539267017,328
"BTK-206_exon_num3_POSend_L444_PN1_origin",290,410,"Target=67;ProbeIdx=30;BTK-206_exon_num3_POSend_L444_PN1_origin",1,"+","good","AGTTTACCTTTAACTGGCGGTAGTCCTAAGTGCTAAGATAATAGTTTCTGTGCCTTAGATATTGGTTGAGAATAGTGGTGATCATGGGTGTGTACCATCTCAGTAGCATTTGGGGGTAGA",120,41.67,"BTK-206_exon_num3",1,"origin",0.278167539267017,444
"BTK-207_exon_num2_POSend_L683_PN1_origin",560,680,"Target=69;ProbeIdx=57;BTK-207_exon_num2_POSend_L683_PN1_origin",1,"+","good","GGTTCCTTCAGAGTCACATACTGGGGCCTGTGGATGCATTTGGCCCACATGTGTGGGTTTTTTTTATGTTATATAATAATTAGCAAACCCTTAAAAAGAAACATTTCGCTTAAAAAAAAA",120,35.83,"BTK-207_exon_num2",1,"origin",5.56183246073299,683
"BTK-208_exon_num1_POSstart_L351_PN1_origin",110,230,"Target=70;ProbeIdx=12;BTK-208_exon_num1_POSstart_L351_PN1_origin",1,"+","good","GAGGAGGAGAGACTTTTGAGAAAGCCTGTGTGTGTTTGTGACACTCTTGTGACCGTGCCAAGAAAACGTAAGCAAATATCAAGCCTCCAAATCCTAATGCAACAAGTCCTGAATCCCTTG",120,45,"BTK-208_exon_num1",1,"origin",3.60816753926701,351
"BTK-209_exon_num1_POSstart_L318_PN1_origin",190,310,"Target=87;ProbeIdx=20;BTK-209_exon_num1_POSstart_L318_PN1_origin",1,"+","good","AAACTGCTAATTCAATGAAGACCTGGAGGGAGCCAATTGTTCCAGTTCATCTATCACATGGCCAGTTGGTCCATTCAACAAATGGTTATTGGATGCCCATTATGTGGCAGGCACTGTTCC",120,45,"BTK-209_exon_num1",1,"origin",3.60816753926701,318
"SF3B1-201_exon_num10_POSmiddle_L197_PN1_origin",70,190,"Target=101;ProbeIdx=8;SF3B1-201_exon_num10_POSmiddle_L197_PN1_origin",1,"+","good","CTTTGGGTGGTATGACTGGTTTCCACATGCAAACTGAAGATCGAACTATGAAAAGTGTTAATGACCAGCCATCTGGAAATCTTCCATTTTTAAAACCTGATGATATTCAATACTTTGATA",120,35.83,"SF3B1-201_exon_num10",1,"origin",5.56183246073299,197
"SF3B1-201_exon_num12_POSmiddle_L179_PN1_origin",0,120,"Target=104;ProbeIdx=1;SF3B1-201_exon_num12_POSmiddle_L179_PN1_origin",1,"+","good","GCTGCATTGCGTCAGATTACTGATAAAGCTCGTGAATTTGGAGCTGGTCCTTTGTTTAATCAGATTCTTCCTCTGCTGATGTCTCCTACACTTGAGGATCAAGAGCGTCATTTACTTGTG",120,43.33,"SF3B1-201_exon_num12",1,"origin",1.93816753926701,179
"SF3B1-201_exon_num14_POSmiddle_L270_PN1_origin",120,240,"Target=107;ProbeIdx=13;SF3B1-201_exon_num14_POSmiddle_L270_PN1_origin",1,"+","good","TCTTTATTGCCCTTCTTAAAAGCTGTGTGCAAAAGCAAGAAGTCCTGGCAAGCGAGACACACTGGTATTAAGATTGTACAACAGATAGCTATTCTTATGGGCTGTGCCATCTTGCCACAT",120,42.5,"SF3B1-201_exon_num14",1,"origin",1.10816753926701,270
"SF3B1-201_exon_num15_POSmiddle_L145_PN1_origin",10,130,"Target=108;ProbeIdx=2;SF3B1-201_exon_num15_POSmiddle_L145_PN1_origin",1,"+","good","TGAGCAGCAGAAAGTTCGGACCATCAGTGCTTTGGCCATTGCTGCCTTGGCTGAAGCAGCAACTCCTTATGGTATCGAATCTTTTGATTCTGTGTTAAAGCCTTTATGGAAGGGTATCCG",120,46.67,"SF3B1-201_exon_num15",1,"origin",5.27816753926702,145
"SF3B1-201_exon_num16_POSmiddle_L146_PN1_origin",0,120,"Target=109;ProbeIdx=1;SF3B1-201_exon_num16_POSmiddle_L146_PN1_origin",1,"+","good","GGTTTGGCTGCTTTCTTGAAGGCTATTGGGTATCTTATTCCTCTTATGGATGCAGAATATGCCAACTACTATACTAGAGAAGTGATGTTAATCCTTATTCGAGAATTCCAGTCTCCTGAT",120,39.17,"SF3B1-201_exon_num16",1,"origin",2.22183246073298,146
"SF3B1-201_exon_num17_POSmiddle_L125_PN1_origin",0,120,"Target=110;ProbeIdx=1;SF3B1-201_exon_num17_POSmiddle_L125_PN1_origin",1,"+","good","GTGGTAAAACAGTGTTGTGGGACAGATGGTGTAGAAGCAAACTACATTAAAACAGAGATTCTTCCTCCCTTTTTTAAACACTTCTGGCAGCACAGGATGGCTTTGGATAGAAGAAATTAC",120,40,"SF3B1-201_exon_num17",1,"origin",1.39183246073299,125
"SF3B1-201_exon_num18_POSmiddle_L221_PN1_origin",0,120,"Target=111;ProbeIdx=1;SF3B1-201_exon_num18_POSmiddle_L221_PN1_origin",1,"+","good","TTAGTTGATACTACTGTGGAGTTGGCAAACAAAGTAGGTGCAGCAGAAATTATATCCAGGATTGTGGATGATCTGAAAGATGAAGCCGAACAGTACAGAAAAATGGTGATGGAGACAATT",120,39.17,"SF3B1-201_exon_num18",1,"origin",2.22183246073298,221
"SF3B1-201_exon_num19_POSmiddle_L182_PN1_origin",0,120,"Target=112;ProbeIdx=1;SF3B1-201_exon_num19_POSmiddle_L182_PN1_origin",1,"+","good","GACTCAGTAATGTTGAACGGCTTTGGCACAGTGGTTAATGCTCTTGGCAAACGAGTCAAACCATACTTGCCTCAGATCTGTGGTACAGTTTTGTGGCGTTTAAATAACAAATCTGCTAAA",120,41.67,"SF3B1-201_exon_num19",1,"origin",0.278167539267017,182
"SF3B1-201_exon_num2_POSmiddle_L166_PN1_origin",0,120,"Target=121;ProbeIdx=1;SF3B1-201_exon_num2_POSmiddle_L166_PN1_origin",1,"+","good","ATATTGAAGCACAGATTCGAGAAATTCAAGGCAAGAAGGCAGCTCTTGATGAAGCTCAAGGAGTGGGCCTCGATTCTACAGGTTATTATGACCAGGAAATTTATGGTGGAAGTGACAGCA",120,43.33,"SF3B1-201_exon_num2",1,"origin",1.93816753926701,166
"SF3B1-201_exon_num21_POSmiddle_L120_PN1_origin",0,120,"Target=116;ProbeIdx=1;SF3B1-201_exon_num21_POSmiddle_L120_PN1_origin",1,"+","good","GTATGCATAAGATGACTCCACCAATTAAAGATCTGCTGCCTAGACTCACCCCCATCTTAAAGAACAGACATGAAAAAGTACAAGAGAATTGTATTGATCTTGTTGGTCGTATTGCTGACA",120,39.17,"SF3B1-201_exon_num21",1,"origin",2.22183246073298,120
"SF3B1-201_exon_num22_POSmiddle_L131_PN1_origin",0,120,"Target=117;ProbeIdx=1;SF3B1-201_exon_num22_POSmiddle_L131_PN1_origin",1,"+","good","GGGAGCTGAATATGTATCTGCAAGAGAGTGGATGAGGATTTGCTTTGAGCTTTTAGAGCTCTTAAAAGCCCACAAAAAGGCTATTCGTAGAGCCACAGTCAACACATTTGGTTATATTGC",120,41.67,"SF3B1-201_exon_num22",1,"origin",0.278167539267017,131
"SF3B1-201_exon_num23_POSmiddle_L272_PN1_origin",0,120,"Target=118;ProbeIdx=1;SF3B1-201_exon_num23_POSmiddle_L272_PN1_origin",1,"+","good","CCCTCATGATGTATTGGCTACACTTCTGAACAACCTCAAAGTTCAAGAAAGGCAGAACAGAGTTTGTACCACTGTAGCAATAGCTATTGTTGCAGAAACATGTTCACCCTTTACAGTACT",120,40.83,"SF3B1-201_exon_num23",1,"origin",0.561832460732987,272
"SF3B1-201_exon_num24_POSmiddle_L216_PN1_origin",90,210,"Target=119;ProbeIdx=10;SF3B1-201_exon_num24_POSmiddle_L216_PN1_origin",1,"+","good","CTTGTTGAACTATGTATGGCCCAATGTATTTGAGACATCTCCTCATGTAATTCAGGCAGTTATGGGAGCCCTAGAGGGCCTGAGAGTTGCTATTGGACCATGTAGAATGTTGCAATATTG",120,43.33,"SF3B1-201_exon_num24",1,"origin",1.93816753926701,216
"SF3B1-201_exon_num6_POSmiddle_L170_PN1_origin",10,130,"Target=128;ProbeIdx=2;SF3B1-201_exon_num6_POSmiddle_L170_PN1_origin",1,"+","good","GGCAACAGCTAGCAGAAAAAGCTAAAGCTGGAGAACTAAAAGTCGTCAATGGAGCAGCAGCGTCCCAGCCTCCATCAAAACGAAAACGGCGTTGGGATCAAACAGCTGATCAGACTCCTG",120,50,"SF3B1-201_exon_num6",1,"origin",8.60816753926701,170
"SF3B1-201_exon_num7_POSmiddle_L237_PN1_origin",0,120,"Target=129;ProbeIdx=1;SF3B1-201_exon_num7_POSmiddle_L237_PN1_origin",1,"+","good","ACCCCTGGGCATACTCCTTCCTTAAGATGGGATGAGACACCAGGTCGTGCAAAGGGAAGCGAGACTCCTGGAGCAACCCCAGGCTCAAAAATATGGGATCCTACACCTAGCCACACACCA",120,54.17,"SF3B1-201_exon_num7",1,"origin",12.778167539267,237
"SF3B1-201_exon_num8_POSmiddle_L212_PN1_origin",0,120,"Target=130;ProbeIdx=1;SF3B1-201_exon_num8_POSmiddle_L212_PN1_origin",1,"+","good","ATACTCCTGGGCATGGAAGTGGATGGGCTGAGACTCCTCGAACAGATCGAGGTGGAGATTCTATTGGTGAAACACCGACTCCTGGAGCCAGTAAAAGAAAATCACGGTGGGATGAAACAC",120,50,"SF3B1-201_exon_num8",1,"origin",8.60816753926701,212
"SF3B1-201_exon_num9_POSmiddle_L121_PN1_origin",0,120,"Target=131;ProbeIdx=1;SF3B1-201_exon_num9_POSmiddle_L121_PN1_origin",1,"+","good","GTCACATAATGAGTATGACTCCTGAACAGCTTCAGGCTTGGCGGTGGGAAAGAGAAATTGATGAGAGAAATCGCCCACTTTCTGATGAGGAATTAGATGCTATGTTCCCAGAAGGATATA",120,43.33,"SF3B1-201_exon_num9",1,"origin",1.93816753926701,121
"SF3B1-203_exon_num4_POSend_L361_PN1_origin",0,120,"Target=147;ProbeIdx=1;SF3B1-203_exon_num4_POSend_L361_PN1_origin",1,"+","good","TATGATCCATTTGCTGAGCACAGACCTCCAAAGATTGCAGACCGGGAAGATGAATACAAAAAGCATAGGCGGACCATGATAATTTCCCCAGAGCGTCTTGATCCTTTTGCAGATGGTAAT",120,44.17,"SF3B1-203_exon_num4",1,"origin",2.77816753926702,361
"SF3B1-204_exon_num5_POSend_L155_PN1_origin",30,150,"Target=154;ProbeIdx=4;SF3B1-204_exon_num5_POSend_L155_PN1_origin",1,"+","good","GCTGATGGAGACAAAGGCACGAAAGTGTACGTATTCCGGATTAGCAACCCAGGAACCCATCACTTCTGAAGACTCTAAACTGTGCTGTCATTTTGTTTTTATATGCATTAAAATATTTGT",120,39.17,"SF3B1-204_exon_num5",1,"origin",2.22183246073298,155
"SF3B1-205_exon_num5_POSend_L136_PN1_origin",10,130,"Target=159;ProbeIdx=2;SF3B1-205_exon_num5_POSend_L136_PN1_origin",1,"+","good","CACAGACAGACGGCTAGTGCAGTGGTACAGCACATGTCACTTGGGGTTTATGGATTTGGTTGTGAAGATTCGCTGAATCACTTGTTGAACTATGTATGGCCCAATGTATTTGAGACATCT",120,44.17,"SF3B1-205_exon_num5",1,"origin",2.77816753926702,136
"SF3B1-207_exon_num1_POSstart_L325_PN1_origin",80,200,"Target=162;ProbeIdx=9;SF3B1-207_exon_num1_POSstart_L325_PN1_origin",1,"+","good","AATTGTGGTTTTACTCACTCTTTCTTTTTAAAGATACTCCTGGGCATGGAAGTGGATGGGCTGAGACTCCTCGAACAGATCGAGGTGGAGATTCTATTGGTGAAACACCGACTCCTGGAG",120,45.83,"SF3B1-207_exon_num1",1,"origin",4.43816753926701,325
"SF3B1-208_exon_num23_POSmiddle_L214_PN1_origin",90,210,"Target=181;ProbeIdx=10;SF3B1-208_exon_num23_POSmiddle_L214_PN1_origin",1,"+","good","TGTTGAACTATGTATGGCCCAATGTATTTGAGACATCTCCTCATGTAATTCAGGCAGTTATGGGAGCCCTAGAGGGCCTGAGAGTTGCTATTGGACCATGTAGAATGTTGCAATATTGTT",120,42.5,"SF3B1-208_exon_num23",1,"origin",1.10816753926701,214
"SF3B1-208_exon_num4_POSmiddle_L2033_PN3_origin",600,720,"Target=186;ProbeIdx=61;SF3B1-208_exon_num4_POSmiddle_L2033_PN3_origin",1,"+","good","ATACGAAGAGTTTGATATTTTTAATAGTTGGAGTCTGTTTTGCTAATTTTAGTGTGCAAGTCAGCACAAGGGGCATAGTGAGCCTGATGGAAGCTTTCCTCAGGTGAGTGAGTTTCACAA",120,40,"SF3B1-208_exon_num4",3,"origin",1.39183246073299,2033
"SF3B1-208_exon_num4_POSmiddle_L2033_PN3_origin",1560,1680,"Target=186;ProbeIdx=157;SF3B1-208_exon_num4_POSmiddle_L2033_PN3_origin",1,"+","good","TGTTACTAATGGTAAAGAGATAATTTTCTAGGCTTCTATTCTGCTGCTTGAAGTCAGAACTGCTGATGGAGACAAAGGCACGAAAGTGTACGTATTCCGGATTAGCAACCCAGGAACCCA",120,42.5,"SF3B1-208_exon_num4",3,"origin",1.10816753926701,2033
"SF3B1-209_exon_num1_POSstart_L379_PN1_origin",260,380,"Target=192;ProbeIdx=27;SF3B1-209_exon_num1_POSstart_L379_PN1_origin",1,"+","good","AACTATGTATGGCCCAATGTATTTGAGACATCTCCTCATGTAATTCAGGCAGTTATGGGAGCCCTAGAGGGCCTGAGAGTTGCTATTGGACCATGTAGAATGTTGCAATATTGTTTACAG",120,42.5,"SF3B1-209_exon_num1",1,"origin",1.10816753926701,379
"SF3B1-209_exon_num2_POSend_L206_PN1_origin",0,120,"Target=193;ProbeIdx=1;SF3B1-209_exon_num2_POSend_L206_PN1_origin",1,"+","good","GGTCTGTTTCACCCAGCCCGGAAAGTCAGAGATGTATATTGGAAAATTTACAACTCCATCTACATTGGTTCCCAGGACGCTCTCATAGCACATTACCCAAGAATCTACAACGATGATAAG",120,43.33,"SF3B1-209_exon_num2",1,"origin",1.93816753926701,206
"SF3B1-210_exon_num1_POSstart_L453_PN1_origin",0,120,"Target=194;ProbeIdx=1;SF3B1-210_exon_num1_POSstart_L453_PN1_origin",1,"+","good","TAATTTTCTAGGCTTCTATTCTGCTGCTTGAAGTCAGAACTGCTGATGGAGACAAAGGCACGAAAGTGTACGTATTCCGGATTAGCAACCCAGGAACCCATCACTTCTGAAGACTCTAAA",120,43.33,"SF3B1-210_exon_num1",1,"origin",1.93816753926701,453
"SF3B1-210_exon_num2_POSend_L317_PN1_origin",0,120,"Target=195;ProbeIdx=1;SF3B1-210_exon_num2_POSend_L317_PN1_origin",1,"+","good","CGAGAAATTAGGCAACAGCTAGCAGAAAAAGCTAAAGCTGGAGAACTAAAAGTCGTCAATGGAGCAGCAGCGTCCCAGCCTCCATCAAAACGAAAACGGCGTTGGGATCAAACAGCTGAT",120,47.5,"SF3B1-210_exon_num2",1,"origin",6.10816753926701,317
"SF3B1-212_exon_num1_POSstart_L311_PN1_origin",170,290,"Target=201;ProbeIdx=18;SF3B1-212_exon_num1_POSstart_L311_PN1_origin",1,"+","good","TTATTGACTTCTATTAAATAGGTATGCATAAGATGACTCCACCAATTAAAGATCTGCTGCCTAGACTCACCCCCATCTTAAAGAACAGACATGAAAAAGTACAAGAGAATTGTATTGATC",120,35,"SF3B1-212_exon_num1",1,"origin",6.39183246073299,311
"SF3B1-213_exon_num4_POSmiddle_L1646_PN2_origin",1520,1640,"Target=226;ProbeIdx=153;SF3B1-213_exon_num4_POSmiddle_L1646_PN2_origin",1,"+","good","TGCAACAGGTAATGTTTTGAATATAAATATCTTTCCAAAGTGTTACTAATGGTAAAGAGATAATTTTCTAGGCTTCTATTCTGCTGCTTGAAGTCAGAACTGCTGATGGAGACAAAGGCA",120,35,"SF3B1-213_exon_num4",2,"origin",6.39183246073299,1646
"SF3B1-214_exon_num5_POSmiddle_L744_PN1_origin",0,120,"Target=259;ProbeIdx=1;SF3B1-214_exon_num5_POSmiddle_L744_PN1_origin",1,"+","good","TACTGCTATATGCCAGTCCTGTCTGCATTCTTAAGGGTGCAGTTCAACACATCCTCTCTAGATTATGGTGAAAAAGTATTCCAAAGGAAGTCTTATCAGAGCTAGTGTCAGAAAGAATGA",120,40,"SF3B1-214_exon_num5",1,"origin",1.39183246073299,744
